method,pps,cpu_us_per_pkt
raw-bytes (no dissection),692317.4864705012,1.443945649999705
raw-bytes (no dissection),679443.6636464484,1.487081529999159
raw-bytes (no dissection),702103.1612530634,1.4232808399992791
Scapy PcapReader + detector,5084.751963351381,196.37443330999986
Scapy PcapReader + detector,4942.753720128983,201.76788579000004
Scapy PcapReader + detector,4955.262999883744,201.5438389899998
Scapy sniff(offline) + detector,4887.214017295179,204.49969676000023
Scapy sniff(offline) + detector,4965.636424680749,201.19291275000023
Scapy sniff(offline) + detector,4983.684381677322,200.46627131000037
