rate,seed,det,detected,delay,fp
0,0,fixed-50,,,11
0,0,fixed-100,,,0
0,0,ewma-k3,,,18
0,0,ewma-k5,,,15
0,1,fixed-50,,,14
0,1,fixed-100,,,0
0,1,ewma-k3,,,15
0,1,ewma-k5,,,15
0,2,fixed-50,,,11
0,2,fixed-100,,,0
0,2,ewma-k3,,,14
0,2,ewma-k5,,,11
0,3,fixed-50,,,13
0,3,fixed-100,,,0
0,3,ewma-k3,,,18
0,3,ewma-k5,,,15
0,4,fixed-50,,,12
0,4,fixed-100,,,0
0,4,ewma-k3,,,16
0,4,ewma-k5,,,15
0,5,fixed-50,,,12
0,5,fixed-100,,,0
0,5,ewma-k3,,,16
0,5,ewma-k5,,,5
0,6,fixed-50,,,11
0,6,fixed-100,,,0
0,6,ewma-k3,,,14
0,6,ewma-k5,,,7
0,7,fixed-50,,,15
0,7,fixed-100,,,0
0,7,ewma-k3,,,17
0,7,ewma-k5,,,15
0,8,fixed-50,,,13
0,8,fixed-100,,,0
0,8,ewma-k3,,,17
0,8,ewma-k5,,,15
0,9,fixed-50,,,15
0,9,fixed-100,,,0
0,9,ewma-k3,,,15
0,9,ewma-k5,,,15
10,0,fixed-50,0,,11
10,0,fixed-100,0,,0
10,0,ewma-k3,1,0,17
10,0,ewma-k5,0,,15
10,1,fixed-50,0,,13
10,1,fixed-100,0,,0
10,1,ewma-k3,0,,15
10,1,ewma-k5,0,,15
10,2,fixed-50,0,,11
10,2,fixed-100,0,,0
10,2,ewma-k3,1,6,13
10,2,ewma-k5,0,,11
10,3,fixed-50,0,,12
10,3,fixed-100,0,,0
10,3,ewma-k3,1,2,16
10,3,ewma-k5,0,,15
10,4,fixed-50,0,,14
10,4,fixed-100,0,,0
10,4,ewma-k3,1,0,15
10,4,ewma-k5,0,,15
10,5,fixed-50,0,,13
10,5,fixed-100,0,,0
10,5,ewma-k3,1,0,16
10,5,ewma-k5,0,,5
10,6,fixed-50,0,,10
10,6,fixed-100,0,,0
10,6,ewma-k3,1,0,12
10,6,ewma-k5,0,,3
10,7,fixed-50,0,,14
10,7,fixed-100,0,,0
10,7,ewma-k3,1,4,17
10,7,ewma-k5,0,,15
10,8,fixed-50,0,,12
10,8,fixed-100,0,,0
10,8,ewma-k3,0,,16
10,8,ewma-k5,0,,15
10,9,fixed-50,0,,14
10,9,fixed-100,0,,0
10,9,ewma-k3,1,0,15
10,9,ewma-k5,0,,13
20,0,fixed-50,1,3,11
20,0,fixed-100,0,,0
20,0,ewma-k3,1,0,17
20,0,ewma-k5,0,,15
20,1,fixed-50,1,5,14
20,1,fixed-100,0,,0
20,1,ewma-k3,1,0,15
20,1,ewma-k5,0,,15
20,2,fixed-50,1,4,9
20,2,fixed-100,0,,0
20,2,ewma-k3,1,0,9
20,2,ewma-k5,1,0,6
20,3,fixed-50,1,10,13
20,3,fixed-100,0,,0
20,3,ewma-k3,1,1,17
20,3,ewma-k5,0,,11
20,4,fixed-50,1,32,14
20,4,fixed-100,0,,0
20,4,ewma-k3,1,0,15
20,4,ewma-k5,1,0,12
20,5,fixed-50,1,29,11
20,5,fixed-100,0,,0
20,5,ewma-k3,1,0,16
20,5,ewma-k5,0,,2
20,6,fixed-50,1,0,10
20,6,fixed-100,0,,0
20,6,ewma-k3,1,0,12
20,6,ewma-k5,0,,6
20,7,fixed-50,1,10,15
20,7,fixed-100,0,,0
20,7,ewma-k3,1,0,17
20,7,ewma-k5,0,,15
20,8,fixed-50,1,15,11
20,8,fixed-100,0,,0
20,8,ewma-k3,1,0,12
20,8,ewma-k5,0,,10
20,9,fixed-50,1,33,15
20,9,fixed-100,0,,0
20,9,ewma-k3,1,0,13
20,9,ewma-k5,0,,10
40,0,fixed-50,1,0,11
40,0,fixed-100,0,,0
40,0,ewma-k3,1,0,18
40,0,ewma-k5,1,0,15
40,1,fixed-50,1,0,13
40,1,fixed-100,0,,0
40,1,ewma-k3,1,0,16
40,1,ewma-k5,1,0,15
40,2,fixed-50,1,0,10
40,2,fixed-100,0,,0
40,2,ewma-k3,1,0,13
40,2,ewma-k5,1,0,11
40,3,fixed-50,1,1,12
40,3,fixed-100,0,,0
40,3,ewma-k3,1,0,18
40,3,ewma-k5,1,0,15
40,4,fixed-50,1,1,14
40,4,fixed-100,0,,0
40,4,ewma-k3,1,0,15
40,4,ewma-k5,1,0,15
40,5,fixed-50,1,0,12
40,5,fixed-100,0,,0
40,5,ewma-k3,1,0,16
40,5,ewma-k5,1,0,4
40,6,fixed-50,1,0,11
40,6,fixed-100,0,,0
40,6,ewma-k3,1,0,12
40,6,ewma-k5,1,0,2
40,7,fixed-50,1,0,14
40,7,fixed-100,0,,0
40,7,ewma-k3,1,0,17
40,7,ewma-k5,1,0,14
40,8,fixed-50,1,0,11
40,8,fixed-100,0,,0
40,8,ewma-k3,1,0,16
40,8,ewma-k5,1,0,10
40,9,fixed-50,1,0,15
40,9,fixed-100,0,,0
40,9,ewma-k3,1,0,16
40,9,ewma-k5,1,0,15
80,0,fixed-50,1,0,11
80,0,fixed-100,1,1,0
80,0,ewma-k3,1,0,17
80,0,ewma-k5,1,0,15
80,1,fixed-50,1,0,12
80,1,fixed-100,1,2,0
80,1,ewma-k3,1,0,15
80,1,ewma-k5,1,0,12
80,2,fixed-50,1,0,11
80,2,fixed-100,1,3,0
80,2,ewma-k3,1,0,14
80,2,ewma-k5,1,0,11
80,3,fixed-50,1,0,13
80,3,fixed-100,1,8,0
80,3,ewma-k3,1,0,18
80,3,ewma-k5,1,0,15
80,4,fixed-50,1,0,12
80,4,fixed-100,1,1,0
80,4,ewma-k3,1,0,16
80,4,ewma-k5,1,0,15
80,5,fixed-50,1,0,11
80,5,fixed-100,1,0,0
80,5,ewma-k3,1,0,16
80,5,ewma-k5,1,0,5
80,6,fixed-50,1,0,10
80,6,fixed-100,1,0,0
80,6,ewma-k3,1,0,12
80,6,ewma-k5,1,0,7
80,7,fixed-50,1,0,13
80,7,fixed-100,1,0,0
80,7,ewma-k3,1,0,19
80,7,ewma-k5,1,0,15
80,8,fixed-50,1,0,13
80,8,fixed-100,1,0,0
80,8,ewma-k3,1,0,16
80,8,ewma-k5,1,0,15
80,9,fixed-50,1,0,15
80,9,fixed-100,1,0,0
80,9,ewma-k3,1,0,15
80,9,ewma-k5,1,0,15
160,0,fixed-50,1,0,11
160,0,fixed-100,1,0,0
160,0,ewma-k3,1,0,18
160,0,ewma-k5,1,0,15
160,1,fixed-50,1,0,13
160,1,fixed-100,1,0,0
160,1,ewma-k3,1,0,15
160,1,ewma-k5,1,0,15
160,2,fixed-50,1,0,11
160,2,fixed-100,1,0,0
160,2,ewma-k3,1,0,14
160,2,ewma-k5,1,0,11
160,3,fixed-50,1,0,12
160,3,fixed-100,1,0,0
160,3,ewma-k3,1,0,16
160,3,ewma-k5,1,0,15
160,4,fixed-50,1,0,14
160,4,fixed-100,1,0,0
160,4,ewma-k3,1,0,15
160,4,ewma-k5,1,0,15
160,5,fixed-50,1,0,13
160,5,fixed-100,1,0,0
160,5,ewma-k3,1,0,17
160,5,ewma-k5,1,0,5
160,6,fixed-50,1,0,11
160,6,fixed-100,1,0,0
160,6,ewma-k3,1,0,13
160,6,ewma-k5,1,0,7
160,7,fixed-50,1,0,14
160,7,fixed-100,1,0,0
160,7,ewma-k3,1,0,17
160,7,ewma-k5,1,0,14
160,8,fixed-50,1,0,13
160,8,fixed-100,1,0,0
160,8,ewma-k3,1,0,17
160,8,ewma-k5,1,0,15
160,9,fixed-50,1,0,13
160,9,fixed-100,1,0,0
160,9,ewma-k3,1,0,15
160,9,ewma-k5,1,0,15
